{"Atomic Number": [0.9862017109034982, 0.9877044791683435, 0.9981464322981143, 0.9886252537214244, 0.9900630835858928, 0.9984878062195676, 1.0056467270763263, 1.0089764566891648, 0.995642273246184, 0.9806560641187936, 0.991968461532475, 0.9862616547152666, 0.9865400507521582, 0.9805984217936057, 0.9770458169145447, 0.9617349477112918, 0.9649412738681319, 0.9639409448316272, 0.9626406825876962, 0.9770490720638241, 0.9856121924655756, 0.9711917341362919, 0.9556337334738425, 0.9456720463532696, 0.9438130385260938, 0.9550725569951248, 0.9672621038445793, 0.9710278271560641, 0.9751285221144473, 0.9754435228498749, 0.9360339715750539, 0.9323414742129128, 0.9292607497392128, 0.9257615881043126, 0.9328399606587875, 0.9288315298761223, 0.9016245375373731, 0.8742877653156275, 0.877037422313252, 0.8596788584857253, 0.8586337181306123, 0.842159211470076, 0.8236103249689424, 0.8184413128369181, 0.7991417478887596, 0.7907687424318788, 0.7834937906380497, 0.7771049452163084, 0.7693637734278567, 0.7559049065870003, 0.7471320254411772, 0.7373490134689413, 0.7253323466445412, 0.718404763832628, 0.7040745202172183, 0.6918116246793156, 0.6833073126485512, 0.6682189505728948, 0.6570272350568713, 0.6541629760670473, 0.642957391318177, 0.6294866911845811, 0.6215631963725221, 0.6053779965580846, 0.5894264481898235, 0.573824025953642, 0.5603438797642643, 0.5438559674645744, 0.5231317392069118, 0.5052636053295448, 0.48814787238278357, 0.46713604871381076, 0.4409436619410906, 0.40654187294524835, 0.3734723236927602, 0.3356034836466739, 0.28056491241359094, 0.22211689915323063, 0.12702414018218977, 0.0], "Atomic Mass": [0.9954160139392976, 1.0014924085381864, 1.0022052546084022, 0.9973313244730473, 0.9938872879697193, 0.9885549199891333, 0.9873727191950349, 0.9969037468187871, 0.9848610846892121, 0.9746084970642277, 0.9677072311673471, 0.9598525347621973, 0.9639706823980517, 0.9705875333862913, 0.9770733295343437, 0.9623531871291596, 0.9693215863457878, 0.9688784641748925, 0.9665768233214812, 0.9852339705155501, 0.9754771649038987, 0.9600348563711414, 0.9542338869162063, 0.9571748600763624, 0.956948353158504, 0.9658811384234008, 0.9711273883472098, 0.9769252833660866, 0.9834874591785735, 0.9711128373803686, 0.9503489279900972, 0.9480340118668484, 0.9469384675554913, 0.9400559756338293, 0.9459104708212713, 0.9372883801570145, 0.9175982247845584, 0.8629861837939844, 0.8658966899507107, 0.8471828204411775, 0.8363405344664376, 0.8265822020320759, 0.8133381473967847, 0.8039325213324761, 0.781043107067158, 0.7696856098622272, 0.7528418487735613, 0.740042898348402, 0.7263236992824721, 0.7157202118218169, 0.7137835469196916, 0.6999220169822802, 0.691505845973811, 0.6801472841802351, 0.6656919439323423, 0.6522390106651224, 0.6408500368738532, 0.6211187181449626, 0.6035012553149735, 0.5894618803826075, 0.5716658325931638, 0.5557259416307241, 0.5423693532116678, 0.5256478108630834, 0.507560053124241, 0.4952400683920243, 0.479654557076976, 0.4635352490731054, 0.4353884749525444, 0.41802080352792426, 0.4005345837876618, 0.3786426601511086, 0.3553722096862939, 0.3247737708183829, 0.2949062617964575, 0.2634243713486323, 0.22435720724066432, 0.17601872864305934, 0.09845388314168668, 0.0], "Group": [0.9935174643608102, 0.9773741486516746, 0.9831615462163648, 0.9864935148675454, 0.9895295846761667, 0.9859516063843687, 0.9865301744845818, 0.9887599641159461, 0.983368105788022, 0.9765192910265929, 0.9666423911388137, 0.9624455041783697, 0.954647540110241, 0.9606095337298237, 0.9613639821829382, 0.9621319460530764, 0.9634411953828772, 0.9644155286559242, 0.9689460311711278, 0.9779405365184398, 0.9849182105228725, 0.9847804458105445, 1.0037213903273174, 1.0035838716628012, 1.0022725384882536, 0.9995768378276552, 0.9925743470960113, 0.9769310312319435, 0.9645263178659712, 0.9563169903444793, 0.9416178922327784, 0.9454459608791745, 0.9517281299503205, 0.9555013467605457, 0.9528990559721922, 0.9453579344572204, 0.9328343102299762, 0.9108440372578614, 0.8957208128191418, 0.8753499047547475, 0.8703026896199169, 0.8615883722269586, 0.8558797340321813, 0.8443527598794078, 0.8385721406687401, 0.8298450678503886, 0.8166577324782209, 0.805231851469653, 0.7958976800246629, 0.7856791658255696, 0.7774401713381517, 0.7660534980635397, 0.7536316596236565, 0.7432462898309462, 0.7325443294740165, 0.7204467233340316, 0.7029918989449147, 0.6891624072266593, 0.6771531725620299, 0.6606409713525354, 0.6435102553696412, 0.6264001108556566, 0.6139859027779735, 0.6039915972984353, 0.5865816320638866, 0.5741818324050829, 0.5560275684916665, 0.5447241847822724, 0.5117862695480526, 0.49163281117354474, 0.47163770378982717, 0.44962408884248084, 0.427588959000776, 0.39242351972922773, 0.3502369971557283, 0.3095910887721134, 0.2631195598417597, 0.21360237054978626, 0.12351044103397013, 2.220446049250313e-16], "Period": [0.9956276398317149, 0.9877544552823633, 0.9999588516565442, 1.009050518982688, 1.0049539083253023, 1.0019794162305304, 1.0075105290836222, 1.0033387455084823, 0.9937989009150923, 0.9949728492397607, 0.9904441854924243, 0.98593578116927, 0.9830660176780154, 0.9701175514128122, 0.9636739452937407, 0.9678979374214033, 0.9689293600418587, 0.9619175204511021, 0.9521055193087015, 0.9608889407007094, 0.9774474722535429, 0.9711339787399296, 0.973320121913837, 0.9760025333353435, 0.984621242052329, 0.9774809095141035, 0.9677157414503709, 0.9610088996264199, 0.9663880634955071, 0.9699994463150655, 0.9594244199176541, 0.962549748696428, 0.953203455018593, 0.9453558484826207, 0.9476289369290234, 0.9300061009852801, 0.9147782856003446, 0.886410880433846, 0.8736883640381332, 0.8530675293834883, 0.8438166820986565, 0.8359454496425496, 0.829958391679801, 0.8228048364274104, 0.8113914391046951, 0.801892873059969, 0.7931720258595916, 0.7813486060047654, 0.7690811340789505, 0.7628689338293779, 0.7595059890734005, 0.741674362480818, 0.7308906676339033, 0.7245883754464413, 0.7090348692093044, 0.6910172603647036, 0.6732046165589054, 0.6465267875821502, 0.6328104154255564, 0.6134922024887037, 0.5985822877564677, 0.590803473603679, 0.5802912806685963, 0.5668263344442352, 0.5501972404103417, 0.5393376596246351, 0.5285581137821498, 0.5191168735319711, 0.4897456616354614, 0.47306455229291466, 0.4512840064523195, 0.4251075182826919, 0.39883364007214817, 0.3677472560169057, 0.3384129076073167, 0.31826920874874387, 0.2855606341048239, 0.24262185078455778, 0.12331330184635292, 1.1102230246251565e-16],