{"Atomic Number vs Atomic Mass": [0.0008933017762012829, 0.004602335689003367, 0.004119514562062387, 0.0036297626805108507, 0.0035039157720144765, 0.0033056382902147963, 0.003381873206557251, 0.0035197987027825173, 0.0035292373289858014, 0.003606355250234894, 0.006369055548813285, 0.004628192962277677, 0.005046582592533988, 0.00725115200442461, 0.007798765125411444, 0.007737801993142335, 0.007691605249168787, 0.012330601457845258, 0.010889351029639949, 0.012628303358073634, 0.01620413720816183, 0.015824512616391395, 0.02003756874193141, 0.022311119226214537, 0.023118220379771404, 0.021446165350836766, 0.029238886775496575, 0.031070019603873678, 0.03943906781527029, 0.05999382893540295, 0.07254299110181484, 0.07217986040313584, 0.06622955585993051, 0.07925511150853515, 0.07578546092791683, 0.10863098627982237, 0.19588667408735594, 0.3522730462189875, 0.3910817936505039, 0.38422799449021827, 0.3751879718844472, 0.3671207360338401, 0.3407166263734789, 0.3359654975121438, 0.33253021615679146, 0.32621216906357786, 0.32983091216223437, 0.34405309798010497, 0.34549796060940696, 0.34646898304943996, 0.3516052677555621, 0.35759520310623727, 0.34889672005098316, 0.35698549302812976, 0.35985245368071506, 0.36758995207574174, 0.3755164942650917, 0.37490609315526957, 0.38290353660715737, 0.3826182513566526, 0.37338769114559645, 0.37386544668746147, 0.3837689654251032, 0.3824410726980175, 0.3847950599214691, 0.38465368470494066, 0.37578422000694245, 0.3729541875539746, 0.37060576708196213, 0.3733580973730699, 0.37308029184062186, 0.37683649195398916, 0.38109449658342365, 0.3849078682970405, 0.40713189320947185, 0.428130184370793, 0.4482369487937228, 0.46580988633110676, 0.45601434484128156, 0.4391620583236566], "Atomic Number vs Group": [0.8560079628809991, 1.1405164947915238, 1.1947683330359808, 1.2671171489083235, 1.287470357760764, 1.29826700516512, 1.2782028452928158, 1.2424424332897739, 1.2107855153326341, 1.1536133404837488, 1.1495131518393746, 1.2161423757497063, 1.17351927146526, 1.1949923168907892, 1.2090442886953339, 1.2598773384193218, 1.260603361563228, 1.2173313734589604, 1.2328666770587853, 1.1799861088358348, 1.1440452072195353, 1.162681053703352, 1.159388096153009, 1.1529772961279143, 1.1284026061007293, 1.1150137069727735, 1.0598577539086094, 1.0383305991099052, 1.0177565720374278, 0.9460543347479266, 0.9437909147449642, 0.9278163421210346, 0.9417813896401157, 0.9132819280657773, 0.9215273173702826, 0.8539204774767121, 0.7141375048493506, 0.4640505314889134, 0.40009244361357366, 0.3583380922958387, 0.3617140756500937, 0.3512028293727354, 0.3762959101939727, 0.37106684734504136, 0.3758457615797959, 0.37733863478161545, 0.3783732831041343, 0.3572583813412551, 0.35259698618995194, 0.35218214936012393, 0.34062419679778455, 0.3352855260921801, 0.335535301458308, 0.3338245520166784, 0.332091160435364, 0.3289315511478993, 0.3170727541013746, 0.31558514455130227, 0.3070917900399126, 0.303575011338276, 0.3019863123409673, 0.29953316415253917, 0.28706926360200247, 0.2800647583821091, 0.273095556630787, 0.27265166301111976, 0.27433022555453557, 0.2723722042113208, 0.26431084105113056, 0.25716823862830807, 0.244276983338505, 0.2397050162960811, 0.232577898700024, 0.21634252131781873, 0.19477881301798294, 0.17259723261913862, 0.150576153423843, 0.13323594247434967, 0.1350119902556267, 0.16732234287433256], "Atomic Number vs Period": [0.8862100224706165, 1.0812403659896581, 1.1348596877312522, 1.2021983998541048, 1.2352364538426286, 1.2550043401703221, 1.2787503263429694, 1.2835687827102806, 1.3158883781030712, 1.3212133741931629, 1.326848930799561, 1.3547389679752988, 1.3462914587141872, 1.3283553880854346, 1.2972714395598526, 1.3015297843204578, 1.291303870490958, 1.3036195336844487, 1.2841348238604933, 1.2292351205138368, 1.189471696535933, 1.216462581779063, 1.1922807725431332, 1.1665088324979087, 1.147115439652679, 1.1349928884953029, 1.1073616933210113, 1.091304964665027, 1.0628416287105908, 0.9889718170030912, 0.9554659039786206, 0.9312522234155307, 0.931817590961024, 0.8941881544572214, 0.8929921375642346, 0.8231794869488707, 0.6968769881798719, 0.4314510823569895, 0.36807707341469886, 0.3270954690937018, 0.3242517761070811, 0.3189861029019395, 0.33842221388513205, 0.3404941941252563, 0.34505125879218146, 0.350056371536437, 0.34850713685750345, 0.3294339345556748, 0.3249058111920049, 0.32160351773753415, 0.31264808145267176, 0.30610813475459386, 0.3095390707375182, 0.3037705539212423, 0.3020964962151256, 0.2975395625039108, 0.28667267761468274, 0.28511796405422696, 0.2782229708484013, 0.27707882660729344, 0.274021745926914, 0.27236658244160483, 0.2614595093042429, 0.2562844287995686, 0.249668472390719, 0.24839322952588627, 0.25034900326700815, 0.2480717345263066, 0.24137586657331334, 0.23516560733157832, 0.22427620080054989, 0.22065069710460106, 0.21541788203930712, 0.20195956857753272, 0.18104783277686476, 0.1616591085983835, 0.14073237102406466, 0.12531745622093493, 0.12567568196207857, 0.16015441060144386], "Atomic Number vs Electronegativity": [1.0882320987708118, 1.2435753598616714, 1.321141185724748, 1.3994225564742369, 1.4379641817170412, 1.4666937273040137, 1.4861762209935199, 1.4819852963552724, 1.4874910220417645, 1.4742978578881702, 1.4495788213283902, 1.4647562104780496, 1.452228720213749, 1.4234188637931229, 1.3974226320220122, 1.397964322940154, 1.3878842123322586, 1.3699807691532773, 1.3549253827907999, 1.3036137820424323, 1.2570233908156125, 1.27737441603601, 1.2527788400553068, 1.226855069427077, 1.2087375623169325, 1.1955863019351396, 1.1557466045827125, 1.1425243477827962, 1.1155693331985372, 1.0383200680215168, 1.0086527930334073, 0.9816124570642903, 0.9852455721301681, 0.9435967704193495, 0.9394788667877784, 0.8691176817638372, 0.7327507811518117, 0.4589934306708523, 0.39261868792318655, 0.35349496321933216, 0.3505406226290557, 0.3445867785653175, 0.3661570304921976, 0.368366074290979, 0.37295070492049764, 0.37812996141164223, 0.3768901582589197, 0.35673211103992564, 0.35225952459465026, 0.34803770658875266, 0.33823589229630935, 0.33090480392760324, 0.3343067931020062, 0.3283351310947539, 0.32619268296247805, 0.32106302604212233, 0.3089077188308079, 0.30680916104874345, 0.29886354185261277, 0.2967306298735176, 0.29287518990147, 0.2902828633167669, 0.27885602022514255, 0.2729509083339966, 0.26543741730283754, 0.2637655636475188, 0.2653449246716657, 0.2630322948322824, 0.25530305321691116, 0.24829713924964758, 0.2364110412565329, 0.2312349422994905, 0.22569656374953362, 0.21073045796539824, 0.18922989955752667, 0.16887491198786886, 0.1472402549137839, 0.1310530758251396, 0.13023868648621906, 0.16567091421073898],