{"Atomic Number vs Atomic Mass": [0.06966773354359745, 0.043898523335352824, 0.06466225068693787, 0.07743574502946116, 0.09265689844739389, 0.09145000100383183, 0.10672545027340785, 0.1187785400732645, 0.1395541242664038, 0.15598519182809878, 0.17806633468370603, 0.22965773408992007, 0.22187770160381148, 0.2224532865331461, 0.22161547050330166, 0.2167815267404296, 0.23470087886943014, 0.2791286139200868, 0.2750862796273318, 0.30969743899546465, 0.3171132395194304, 0.32307715533111736, 0.3249672639719269, 0.349023444343049, 0.37284489551725986, 0.4007544143366937, 0.4186680688105672, 0.4348140548477776, 0.46065946366124255, 0.44636989746307465, 0.39321767431801513, 0.4124595563506277, 0.4209682741741857, 0.4369890661766418, 0.4558108563018868, 0.4302623683645125, 0.37060064147304006, 0.35702445300377406, 0.393889780526436, 0.35526990177251716, 0.375055885230169, 0.3984798770717416, 0.4046882738910774, 0.4188042867768368, 0.4209006920325342, 0.43056052020227553, 0.4432167619599413, 0.45491327594258957, 0.4622879603312804, 0.4675016954876694, 0.4649174812179814, 0.4697785117272659, 0.46339047434441427, 0.4686043154046582, 0.47040581763715994, 0.46965856894438995, 0.4760387670243251, 0.4761308473338376, 0.48260672705671803, 0.47848449398690196, 0.47260492450975733, 0.46983688990805517, 0.46845602557734056, 0.4655607952364804, 0.46658722793750196, 0.4671516420605093, 0.4624139267182369, 0.4596694988294986, 0.46086783116854313, 0.4604162055421066, 0.46362528999116526, 0.46244648352577655, 0.4633315821585726, 0.46792749923867594, 0.47191457058885966, 0.4772208980621302, 0.4933667418362775, 0.5001140083309524, 0.49384030800745227, 0.49090655982219045], "Atomic Number vs Group": [0.9514980538671941, 0.9174762736022081, 0.9303714071147636, 0.9395652817400777, 0.933163068099299, 0.9317177395933718, 0.9139087076232831, 0.9077006143552979, 0.9004412694154091, 0.8830258901618429, 0.8706271466516391, 0.8906038966500442, 0.8758340602003183, 0.8966240179204734, 0.8935741077161075, 0.9410758756857595, 0.9303552042916893, 0.9390642295624023, 0.9272309555531704, 0.9347354997200357, 0.9211662412731126, 0.9222272340984851, 0.9268670079578907, 0.9225405495012448, 0.9192372867269268, 0.940897795382462, 0.9375046287892485, 0.9213482772120725, 0.9167980760962735, 0.9162271935716026, 0.9463294339663525, 0.951779344888179, 0.959338621413327, 0.9614140497332315, 0.965867426076648, 0.9685448919803707, 0.9528346303666952, 0.9753489803404821, 0.9813257649421512, 0.9884251784751458, 0.9840575111234356, 0.9784852286867426, 0.9910032119864999, 0.9679145165267019, 0.9652653090471689, 0.9572122650461584, 0.9634857024742659, 0.9667689541570459, 0.9674552399929006, 0.9757728739091263, 0.9735920482992186, 0.9775685507706459, 0.9685044643257609, 0.9743071798023789, 0.9753048137721164, 0.9726476873983477, 0.9742250488226558, 0.9733935108655366, 0.9698333949056525, 0.9674425847579577, 0.9679714595012768, 0.9751064815950196, 0.9730040146284719, 0.9735803372926115, 0.972596220192687, 0.9777342851032235, 0.9696889418725262, 0.9770087698869836, 0.9757091552396566, 0.967607445532216, 0.9586705598032164, 0.9640815011053747, 0.9529002448165994, 0.928007799204895, 0.926108837758844, 0.9235086062561063, 0.9147188680334624, 0.9083445437367558, 0.9066050987910228, 0.9147383280406287], "Atomic Number vs Period": [0.5720390640351101, 0.3876974395364201, 0.36028393530191805, 0.3633041454108381, 0.37502961592380457, 0.38014670741812595, 0.4074505004687641, 0.44924369472219916, 0.4925291656166978, 0.5191301255518623, 0.5550734001090817, 0.5989175812839596, 0.5985827168579487, 0.5529915737033491, 0.5676998013048185, 0.5565611368638674, 0.5775262812107115, 0.6463263306839682, 0.6434385326964622, 0.645661829618318, 0.634682099698781, 0.6790722666641951, 0.6969416891275068, 0.709673239429333, 0.7123589300423782, 0.716185787184717, 0.7440253038016025, 0.7472752974557076, 0.7764564848424182, 0.7321656336866185, 0.6955747907947459, 0.713304900425307, 0.7033819609116008, 0.7085838161298098, 0.702749869155213, 0.6624434596532662, 0.5097167233347186, 0.4247371845126272, 0.4459659920564558, 0.4029717177798815, 0.41464553494432865, 0.4235327529964066, 0.41792062586078915, 0.4230839151447059, 0.4220935867476664, 0.4244721071701101, 0.43709575059365813, 0.4420349778116094, 0.44902479176389476, 0.4523721695865518, 0.45675655799099135, 0.4645643630545978, 0.46256216702482067, 0.463392013975229, 0.4677786538644024, 0.4707268738890916, 0.48576227725143806, 0.4914717581843786, 0.49808465021150483, 0.5142212124377286, 0.529372714044871, 0.5391358752332971, 0.5409161688229676, 0.5498167658322266, 0.5588127104403127, 0.5669698219680945, 0.5756390743935169, 0.5738097867123614, 0.5894657865944635, 0.5992644891977779, 0.6178676757413386, 0.6567309280729747, 0.6702057167956096, 0.6987068980871769, 0.7151409051867528, 0.729110370143214, 0.7368618653568675, 0.7650448691928973, 0.7887277250777478, 0.781145437941785], "Atomic Number vs Electronegativity": [1.0566049862105225, 0.9677395440253155, 0.9590216474333447, 0.9574757490740928, 0.9601905539186613, 0.9639705614818118, 0.9757393481083796, 0.9868416505584743, 0.9982194304599862, 0.9811799145742947, 0.9619311877190982, 0.9574333429237317, 0.9568861201199468, 0.9596749400052718, 0.945071692887082, 0.9695795280077908, 0.9480099183805993, 0.946519782241059, 0.9358884108714963, 0.9415150542261584, 0.917496509160489, 0.9022061484705852, 0.931354955587731, 0.9427911839319011, 0.9447519940383599, 0.9451258420031992, 0.9433249560564778, 0.9445714829208243, 0.9261729914136796, 0.9230920694651557, 0.9056654582283323, 0.9063842213714753, 0.9035624950707631, 0.8789634826782232, 0.8832360870752055, 0.8952325313781969, 0.8964584652143353, 0.9599780235644472, 0.9838696465808278, 1.0118511788053632, 0.998359596507672, 0.9891916706870729, 1.0055825647783765, 0.994572685491015, 0.9947378517111871, 0.9859429281628569, 0.9906607360049517, 0.9930048318320746, 0.996646679020886, 0.9977757330511297, 1.0002459566464827, 1.0037380355871002, 1.0071312647628035, 1.0152883696092614, 1.0132793891889573, 1.0154111981737488, 1.0159487440122519, 1.016943219642024, 1.0131748906282743, 1.01419106163662, 1.0105745438292304, 1.0121724810555912, 1.0099483614469205, 1.0071361192549946, 1.0109201829070635, 1.0104391168148428, 1.0118893787752226, 1.0138124908416737, 1.0235905820586104, 1.0245167336456684, 1.0233600630447421, 1.0242450236254312, 1.027892709253748, 1.023081332602872, 1.0238080581841973, 1.0176946149993276, 1.0075743004498865, 0.9926607010664694, 0.9997801910057775, 0.9951566100415344],