{"Atomic Number vs Atomic Mass": [0.9303412397415506, 0.9561038057758299, 0.9353656668177254, 0.9225632341008507, 0.9073434472563713, 0.9085507272616338, 0.8932999727071538, 0.8812222977017959, 0.8604596826668482, 0.8441712762295974, 0.8220143833765714, 0.7703842588563986, 0.778099846219697, 0.7775322795526577, 0.7783829361500146, 0.783235169264542, 0.7653218218634059, 0.7208462646440752, 0.7249564676279465, 0.6903835854796125, 0.6829084558617893, 0.6769570283236166, 0.6751074981281528, 0.6510965737095573, 0.6273945683296331, 0.5992087018105275, 0.5813148074766135, 0.5651529778782164, 0.5395348336100678, 0.5536578882215628, 0.606735653105167, 0.5875066452077231, 0.5789047600063093, 0.5628898112280591, 0.5442359671349642, 0.5698077772582963, 0.6292623017797794, 0.642825700826888, 0.606055430882757, 0.6445951755987691, 0.6249283804694753, 0.6014971479391924, 0.5953053665477411, 0.5812453285902313, 0.5792411346005409, 0.5695489486066854, 0.5567718550576937, 0.5451026703753463, 0.5377319427328724, 0.5325552875413389, 0.5351105892938302, 0.5302599777855603, 0.5366005212706141, 0.5313933514480097, 0.5295910401217064, 0.5303480594155499, 0.5239656084176489, 0.5238571279371861, 0.517411803685335, 0.5214764128252884, 0.5273411299518175, 0.5301198545496413, 0.5315196891383336, 0.5344599716784353, 0.5334302084327537, 0.5329042114979194, 0.537660422976675, 0.5403921180129155, 0.5391943951774472, 0.5396567197472333, 0.536412922693965, 0.5375500084402846, 0.536655981642818, 0.5320558534494778, 0.5280691721496669, 0.5227723457560199, 0.5065956334551266, 0.49990004511218233, 0.5061050554188309, 0.5090462273468279], "Atomic Number vs Group": [0.04855314454622235, 0.08239789895796468, 0.06962435989575719, 0.0604109491967317, 0.06684148828618179, 0.06828144607680038, 0.08610450047405506, 0.0922673355437558, 0.09956888813067649, 0.11702084811194782, 0.1293755538199939, 0.10940293780089884, 0.1241386502772854, 0.10338587078867273, 0.10644964002824814, 0.058978196557863266, 0.06966723172085626, 0.060860272480788846, 0.0727835742678782, 0.06522959789759598, 0.07877302734843353, 0.07757410395745146, 0.07309790248995174, 0.07741272261017326, 0.08079382536390084, 0.059109623074085765, 0.06251571137240224, 0.07873570278770929, 0.083204306092394, 0.08378040424581287, 0.05365763279303376, 0.04817095643698126, 0.040678449925231515, 0.03865587242653433, 0.03408188163381626, 0.031424348450581965, 0.047073556523340124, 0.024383061623928195, 0.018511597977859146, 0.011351952740791909, 0.015833451514718756, 0.021386479774102147, 0.008849284791559133, 0.032014301307405534, 0.034400474620638034, 0.04246799614455904, 0.036329665057455884, 0.033083883995502626, 0.03246944164880668, 0.0241290022378199, 0.026336955961371603, 0.022347411477145376, 0.031584035444380106, 0.02573292685596449, 0.024735435024343853, 0.027342566426034914, 0.025764104811058217, 0.026654157241570695, 0.030173788892934372, 0.03264947253914846, 0.03215262358106232, 0.02496609878394531, 0.027045565861283125, 0.02643272851459507, 0.02742271200436667, 0.022241158887418913, 0.030282175191839407, 0.02297447771191479, 0.02427816026921545, 0.03232895293110976, 0.0412322529846333, 0.035849728602062945, 0.04707329098726554, 0.07192761251546195, 0.07383737052732037, 0.07643219587502093, 0.08532723472811242, 0.09165116104058121, 0.09346921620219201, 0.08525282038877835], "Atomic Number vs Period": [0.4280031446510757, 0.6122861720479824, 0.639774280808789, 0.6366975654785192, 0.6249988714288138, 0.6199399576491125, 0.5926447233369921, 0.5508497580188694, 0.5075580545007372, 0.4808861345429593, 0.444873881970737, 0.4011774383284802, 0.40157310757360465, 0.44710731783298835, 0.43230931601367645, 0.4434244824071657, 0.42247414590081983, 0.3538172900280386, 0.35645840112241645, 0.3543123343902552, 0.3653043495312911, 0.3208898629566044, 0.30305160036262435, 0.29029249039566457, 0.2876513626283198, 0.28378790413346483, 0.25598663311919667, 0.25273340929307203, 0.2235454695864623, 0.267831655317916, 0.30441050759448957, 0.2866283358977627, 0.29647723639300927, 0.29130973611276034, 0.2972804688058184, 0.33780127173877184, 0.49018349987024, 0.5752431358838564, 0.5541871920414503, 0.5970766891113676, 0.5854386695983136, 0.5766262266075106, 0.5822187215540995, 0.5769701878785262, 0.5780219549642324, 0.5755531155101605, 0.5629624542495706, 0.5580392424953766, 0.5510530584449399, 0.5477172130452326, 0.5433409353400079, 0.5355407780738308, 0.5374591221947795, 0.53667603696702, 0.5323134993069882, 0.5294388293095915, 0.5143482623436222, 0.5085375990510603, 0.5019815318228412, 0.4857313246290882, 0.470568219054056, 0.46081600736029815, 0.45905341847152037, 0.4501808435391859, 0.4411828805041388, 0.433059722949918, 0.4244158889229067, 0.42622400963545715, 0.410577069924381, 0.40079216726991956, 0.38218877821796254, 0.34328735084099293, 0.32980122600344697, 0.301302777194262, 0.2848283205571579, 0.27088831366475113, 0.26312930902737536, 0.23495964569045563, 0.2112616567227804, 0.21882222943748258], "Atomic Number vs Electronegativity": [-0.056536120821709994, 0.03221699495770676, 0.04097347390753551, 0.04252284215025202, 0.03980027187686043, 0.036026449262313395, 0.024267591052799888, 0.013125818381093892, 0.0017577456214518143, 0.018753310093649486, 0.03823192156404024, 0.04256811398118589, 0.04303857850060474, 0.040096924065394335, 0.05488549231518722, 0.030451488906944796, 0.05199477607435578, 0.05354723145982972, 0.06402527619318873, 0.05854899271975296, 0.08251702217848275, 0.09789290027224071, 0.06866274288679075, 0.05716758565386122, 0.05524610392053925, 0.0547970265515621, 0.05654765787334075, 0.05534169234784597, 0.07382967370945082, 0.07692175462076589, 0.09421590240147298, 0.0934925032482489, 0.09627251626117014, 0.12082458644199605, 0.11646849877781454, 0.10454948784931106, 0.10295269778805421, 0.03951631415265964, 0.015809427092615104, -0.012165032463771843, 0.0015384244213508243, 0.010718109669997006, -0.005827488863086502, 0.005275647707442114, 0.004761533322712282, 0.013610408344052097, 0.00899771360287608, 0.006708113014458036, 0.0031492647162003444, 0.0020055537245558643, -0.00035212029893484046, -0.0038265361119302777, -0.00705960683924688, -0.015245227390456998, -0.013244998642421981, -0.015421701929133603, -0.01595649426596981, -0.01692419358692107, -0.013173560232973319, -0.014133927778292775, -0.010514682998044464, -0.01211144952442855, -0.009891168059711781, -0.007121920387987308, -0.010901139157330136, -0.010477006872725503, -0.01195137736145106, -0.013853566098878365, -0.02362384574995035, -0.024598773531521515, -0.02346524137597852, -0.02431968793708463, -0.027983903527209666, -0.023212883126097046, -0.02390444238105667, -0.017952055706609855, -0.007742525554151496, 0.007355925671976073, 8.022209299765994e-05, 0.0047314622288470234],